{"schemaVersion":"1.0","appDefinitionTemplate":{"id":"/providers/Microsoft.PowerApps/apps/","type":"Microsoft.PowerApps/apps","tags":{"primaryDeviceWidth":"1366","primaryDeviceHeight":"768","sienaVersion":"20210805T150249Z-3.21073.27.0","deviceCapabilities":"","supportsPortrait":"false","supportsLandscape":"true","primaryFormFactor":"Tablet","publisherVersion":"3.21073.27","minimumRequiredApiVersion":"2.2.0","hasComponent":"true","hasUnlockedComponent":"true","isUnifiedRootApp":"false"},"properties":{"appVersion":"2021-08-05T15:02:49Z","lifeCycleId":"Published","createdByClientVersion":{"major":3,"minor":21073,"build":27,"revision":0,"majorRevision":0,"minorRevision":0},"minClientVersion":{"major":3,"minor":21073,"build":27,"revision":0,"majorRevision":0,"minorRevision":0},"backgroundColor":"rgba(0, 176, 240, 1)","backgroundImageUri":"/7918385437147528701/Nd4111f66-2a6b-456e-a838-a4c9493d3862-logoSmallFile","displayName":"Hand Hygiene Form (Sample)","description":"","commitMessage":"","appUris":{"documentUri":{"value":"/7918385437147528701/Nf298d81e-b52a-4933-a625-d0dc08a2441a-document.msapp"},"imageUris":[]},"createdTime":"0001-01-01T00:00:00Z","lastModifiedTime":"0001-01-01T00:00:00Z","sharedGroupsCount":0,"sharedUsersCount":0,"icons":{"smallIconUri":"/7918385437147528701/N448bcbf5-9b85-4fd4-baaf-236372542e84-small.png","mediumIconUri":"/7918385437147528701/Nb97f1be9-e49a-4e2b-9eb4-997de15c1a18-medium.png","largeIconUri":"/7918385437147528701/N8dbea60d-2a85-4c79-a4bc-6ed35aa3daa0-large.png","wideIconUri":"/7918385437147528701/N13ed7ff4-f655-4c54-b672-38dfae03befc-wide.png"},"connectionReferences":{"fea0bb82-bef9-47fb-aa38-f16627fff848":{"id":"566c08d4-552b-4ad9-b719-7e7854622088","displayName":"Power Apps for Makers","iconUri":"https://connectoricons-prod.azureedge.net/releases/v1.0.1480/1.0.1480.2454/powerappsforappmakers/icon.png","dataSources":["PowerAppsforMakers"],"dependencies":[],"dependents":[],"parameterHints":{},"parameterHintsV2":{},"isOnPremiseConnection":false,"bypassConsent":false,"dataSets":{},"apiTier":"Standard","isCustomApiConnection":false,"actions":["GetAppVersions","GetApp"]},"16908bdb-ff67-4dba-9e58-4caa54550a7e":{"id":"b7a19980-d1d5-4e59-958e-7a830009aab3","displayName":"SharePoint","iconUri":"https://connectoricons-prod.azureedge.net/releases/v1.0.1487/1.0.1487.2472/sharepointonline/icon.png","dataSources":["Hand Hygiene","Locations"],"dependencies":[],"dependents":[],"parameterHints":{},"parameterHintsV2":{},"isOnPremiseConnection":false,"bypassConsent":false,"dataSets":{"https://dvagov.sharepoint.com/sites/sec4TEST/tss/hygiene":{"dataSources":{"Hand Hygiene":{"tableName":"cffb74a2-2659-48e9-a71b-47fa172b5f19"},"Locations":{"tableName":"e44a16d3-d5ad-4811-b36f-b180ef55e105"}}}},"apiTier":"Standard","isCustomApiConnection":false}},"databaseReferences":{},"almMode":"Environment","performanceOptimizationEnabled":true,"canConsumeAppPass":true,"executionRestrictions":{"isTeamsOnly":false,"dataLossPreventionEvaluationResult":{"status":"Compliant","lastEvaluationDate":"2021-02-05T17:06:36.3841506Z","violationDetails":[]}}},"appType":"ClassicCanvasApp","appComponents":[]}}