{"schemaVersion":"1.0","appDefinitionTemplate":{"id":"/providers/Microsoft.PowerApps/apps/","type":"Microsoft.PowerApps/apps","tags":{"primaryDeviceWidth":"1366","primaryDeviceHeight":"768","sienaVersion":"20210409T151223Z-3.21034.27.0","deviceCapabilities":"","supportsPortrait":"false","supportsLandscape":"true","primaryFormFactor":"Tablet","publisherVersion":"3.21034.27","minimumRequiredApiVersion":"2.2.0","hasComponent":"true","hasUnlockedComponent":"true","isUnifiedRootApp":"false"},"properties":{"appVersion":"2021-04-09T15:12:23Z","lifeCycleId":"Published","createdByClientVersion":{"major":3,"minor":21034,"build":27,"revision":0,"majorRevision":0,"minorRevision":0},"minClientVersion":{"major":3,"minor":21034,"build":27,"revision":0,"majorRevision":0,"minorRevision":0},"backgroundColor":"rgba(0, 176, 240, 1)","backgroundImageUri":"/7918385437147528701/N9c3bea33-f0e0-448e-87e9-5c114add7217-logoSmallFile","displayName":"Hand Hygiene Form (Sample)","description":"","commitMessage":"","appUris":{"documentUri":{"value":"/7918385437147528701/Nbc78f040-7917-4790-9fa2-f97de6a5d254-document.msapp"},"imageUris":[]},"createdTime":"0001-01-01T00:00:00Z","lastModifiedTime":"0001-01-01T00:00:00Z","sharedGroupsCount":0,"sharedUsersCount":0,"icons":{"smallIconUri":"/7918385437147528701/N65c94501-08a1-46a1-b201-7bbf43713fa4-small.png","mediumIconUri":"/7918385437147528701/N8cc985b1-47f1-4b67-903d-dbc176c1dd09-medium.png","largeIconUri":"/7918385437147528701/N169c34dc-6517-4dde-9766-1fc121a81d7e-large.png","wideIconUri":"/7918385437147528701/N7b1bda3f-4b12-4b04-8642-177dc10f82d9-wide.png"},"connectionReferences":{"fea0bb82-bef9-47fb-aa38-f16627fff848":{"id":"566c08d4-552b-4ad9-b719-7e7854622088","displayName":"Power Apps for Makers","iconUri":"https://connectoricons-prod.azureedge.net/releases/v1.0.1444/1.0.1444.2347/powerappsforappmakers/icon.png","dataSources":["PowerAppsforMakers"],"dependencies":[],"dependents":[],"parameterHints":{},"isOnPremiseConnection":false,"bypassConsent":false,"dataSets":{},"apiTier":"Standard","isCustomApiConnection":false,"actions":["GetApp"]},"16908bdb-ff67-4dba-9e58-4caa54550a7e":{"id":"b7a19980-d1d5-4e59-958e-7a830009aab3","displayName":"SharePoint","iconUri":"https://connectoricons-prod.azureedge.net/releases/v1.0.1451/1.0.1451.2361/sharepointonline/icon.png","dataSources":["Hand Hygiene","Locations"],"dependencies":[],"dependents":[],"parameterHints":{},"isOnPremiseConnection":false,"bypassConsent":false,"dataSets":{"https://dvagov.sharepoint.com/sites/sec4TEST/tss/hygiene":{"dataSources":{"Hand Hygiene":{"tableName":"cffb74a2-2659-48e9-a71b-47fa172b5f19"},"Locations":{"tableName":"e44a16d3-d5ad-4811-b36f-b180ef55e105"}}}},"apiTier":"Standard","isCustomApiConnection":false}},"databaseReferences":{},"almMode":"Environment","performanceOptimizationEnabled":true,"canConsumeAppPass":true,"executionRestrictions":{"isTeamsOnly":false,"dataLossPreventionEvaluationResult":{"status":"Compliant","lastEvaluationDate":"2021-02-05T17:06:36.3841506Z","violationDetails":[]}}},"isAppComponentLibrary":false,"appType":"ClassicCanvasApp","appComponents":[]}}