{"schemaVersion":"1.0","appDefinitionTemplate":{"id":"/providers/Microsoft.PowerApps/apps/","type":"Microsoft.PowerApps/apps","tags":{"primaryDeviceWidth":"1366","primaryDeviceHeight":"768","sienaVersion":"20210524T153228Z-3.21051.28.0","deviceCapabilities":"","supportsPortrait":"false","supportsLandscape":"true","primaryFormFactor":"Tablet","publisherVersion":"3.21051.28","minimumRequiredApiVersion":"2.2.0","hasComponent":"false","hasUnlockedComponent":"false","isUnifiedRootApp":"false"},"properties":{"appVersion":"2021-05-24T15:32:28Z","lifeCycleId":"Published","createdByClientVersion":{"major":3,"minor":21051,"build":28,"revision":0,"majorRevision":0,"minorRevision":0},"minClientVersion":{"major":3,"minor":21051,"build":28,"revision":0,"majorRevision":0,"minorRevision":0},"backgroundColor":"rgba(0, 176, 240, 1)","backgroundImageUri":"/7370853964828503110/Nfd9e7634-a0dc-4ce1-ad2f-4b1de9c72191-logoSmallFile","displayName":"Risk Calc Sample","description":"","commitMessage":"","appUris":{"documentUri":{"value":"/7370853964828503110/Nc968a7f5-2bf4-4b36-a0c4-f442416519ab-document.msapp"},"imageUris":[]},"createdTime":"0001-01-01T00:00:00Z","lastModifiedTime":"0001-01-01T00:00:00Z","sharedGroupsCount":0,"sharedUsersCount":0,"icons":{"smallIconUri":"/7370853964828503110/Nba807a95-1ccc-4130-be7a-c89b09cef4ce-small.png","mediumIconUri":"/7370853964828503110/N620642a7-f871-4ff8-9a4e-a3b46dc9e2a8-medium.png","largeIconUri":"/7370853964828503110/N643dd880-9948-4d67-9fe0-6530d846c22e-large.png","wideIconUri":"/7370853964828503110/Nb5941ba2-0159-45a8-b898-de75df26d601-wide.png"},"connectionReferences":{"193f9a15-2b41-4939-b38d-944be2e93349":{"id":"566c08d4-552b-4ad9-b719-7e7854622088","displayName":"Power Apps for Makers","iconUri":"https://connectoricons-prod.azureedge.net/releases/v1.0.1462/1.0.1462.2398/powerappsforappmakers/icon.png","dataSources":["PowerAppsforMakers"],"dependencies":[],"dependents":[],"parameterHints":{},"isOnPremiseConnection":false,"bypassConsent":false,"dataSets":{},"apiTier":"Standard","isCustomApiConnection":false,"actions":["GetApp"]}},"databaseReferences":{},"almMode":"Environment","performanceOptimizationEnabled":false,"canConsumeAppPass":true,"executionRestrictions":{"isTeamsOnly":false,"dataLossPreventionEvaluationResult":{"status":"Compliant","lastEvaluationDate":"2021-05-06T14:27:58.3972021Z","violationDetails":[]}}},"isAppComponentLibrary":false,"appType":"ClassicCanvasApp","appComponents":[]}}