{"schemaVersion":"1.0","appDefinitionTemplate":{"id":"/providers/Microsoft.PowerApps/apps/","type":"Microsoft.PowerApps/apps","tags":{"primaryDeviceWidth":"1366","primaryDeviceHeight":"768","sienaVersion":"20220309T123448Z-3.22022.31.0","deviceCapabilities":"","supportsPortrait":"true","supportsLandscape":"true","primaryFormFactor":"Tablet","publisherVersion":"3.22022.31","minimumRequiredApiVersion":"2.2.0","hasComponent":"true","hasUnlockedComponent":"true","isUnifiedRootApp":"false"},"properties":{"appVersion":"2022-03-09T12:34:48Z","lifeCycleId":"Published","createdByClientVersion":{"major":3,"minor":22022,"build":31,"revision":0,"majorRevision":0,"minorRevision":0},"minClientVersion":{"major":3,"minor":22022,"build":31,"revision":0,"majorRevision":0,"minorRevision":0},"backgroundColor":"RGBA(0,176,240,1)","backgroundImageUri":"/14296207733204572431/N7b67340c-afdc-4cb3-8a43-2336fef700e5-logoSmallFile","displayName":"SOM 977","description":"","commitMessage":"","appUris":{"documentUri":{"value":"/14296207733204572431/Nf32a1566-4dcb-4cc0-b6a7-ef517c8d584c-document.msapp"},"imageUris":[]},"createdTime":"0001-01-01T00:00:00Z","lastModifiedTime":"0001-01-01T00:00:00Z","sharedGroupsCount":0,"sharedUsersCount":0,"icons":{"smallIconUri":"/14296207733204572431/N0a963696-5aad-4648-8579-6567b1de144a-small.png","mediumIconUri":"/14296207733204572431/N6e4b5059-6836-4dc2-a54b-96599eae5d84-medium.png","largeIconUri":"/14296207733204572431/Nefa38f1a-b5e0-4b5f-a70c-7e4244f82ed7-large.png","wideIconUri":"/14296207733204572431/N3034343d-6dd9-4cff-b622-3365ca26a1ed-wide.png"},"connectionReferences":{"84085c7a-c54d-4566-ac70-d284d11c6561":{"id":"566c08d4-552b-4ad9-b719-7e7854622088","displayName":"Power Apps for Makers","iconUri":"https://connectoricons-prod.azureedge.net/releases/v1.0.1551/1.0.1551.2693/powerappsforappmakers/icon.png","dataSources":["PowerAppsforMakers"],"dependencies":[],"dependents":[],"parameterHints":{},"parameterHintsV2":{},"isOnPremiseConnection":false,"bypassConsent":false,"dataSets":{},"apiTier":"Standard","isCustomApiConnection":false,"actions":["GetAppVersions","GetApp"]},"1e115135-c054-4585-a30b-474abecb23af":{"id":"b7a19980-d1d5-4e59-958e-7a830009aab3","displayName":"SharePoint","iconUri":"https://connectoricons-prod.azureedge.net/releases/v1.0.1554/1.0.1554.2707/sharepointonline/icon.png","dataSources":["RAI Fields","RAI Field Values","RAI Data"],"dependencies":[],"dependents":[],"parameterHints":{},"parameterHintsV2":{},"isOnPremiseConnection":false,"bypassConsent":false,"dataSets":{"https://dvagov.sharepoint.com/sites/sec4TEST/tss/SOM977":{"dataSources":{"RAI Fields":{"tableName":"be249981-c790-40a7-b59c-8826f62d19b6"},"RAI Field Values":{"tableName":"38b0ed63-6b82-40d8-9c9f-a7726fa6b3cc"},"RAI Data":{"tableName":"7aa152d8-7839-433c-9853-0630751e6fe0"}}}},"apiTier":"Standard","isCustomApiConnection":false,"actions":["providers/PowerPlatform.Governance/Operations/Read","providers/PowerPlatform.Governance/Operations/Write"]},"d80e42e7-8904-43fc-a71e-06599b99b1d4":{"id":"e94df653-bb2b-49c0-b6b2-d30e6fba8814","displayName":"Power BI","iconUri":"https://connectoricons-prod.azureedge.net/releases/v1.0.1544/1.0.1544.2640/powerbi/icon.png","dataSources":["PowerBI"],"dependencies":[],"dependents":[],"parameterHints":{},"parameterHintsV2":{},"isOnPremiseConnection":false,"bypassConsent":false,"dataSets":{},"apiTier":"Standard","isCustomApiConnection":false}},"databaseReferences":{},"almMode":"Environment","performanceOptimizationEnabled":false,"canConsumeAppPass":true,"executionRestrictions":{"isTeamsOnly":false,"dataLossPreventionEvaluationResult":{"status":"Compliant","lastEvaluationDate":"2021-10-29T15:22:06.1040126Z","violations":[],"violationsByPolicy":[],"violationErrorMessage":"The app uses the following connectors: shared_powerappsforappmakers."}}},"appType":"ClassicCanvasApp","appComponents":[]}}