{"schemaVersion":"1.0","appDefinitionTemplate":{"id":"/providers/Microsoft.PowerApps/apps/","type":"Microsoft.PowerApps/apps","tags":{"primaryDeviceWidth":"1366","primaryDeviceHeight":"768","sienaVersion":"20210331T190054Z-3.21033.47.0","deviceCapabilities":"","supportsPortrait":"false","supportsLandscape":"true","primaryFormFactor":"Tablet","publisherVersion":"3.21033.47","minimumRequiredApiVersion":"2.2.0","hasComponent":"true","hasUnlockedComponent":"true","isUnifiedRootApp":"false"},"properties":{"appVersion":"2021-03-31T19:00:54Z","lifeCycleId":"Published","createdByClientVersion":{"major":3,"minor":21033,"build":47,"revision":0,"majorRevision":0,"minorRevision":0},"minClientVersion":{"major":3,"minor":21033,"build":47,"revision":0,"majorRevision":0,"minorRevision":0},"backgroundColor":"rgba(0, 176, 240, 1)","backgroundImageUri":"/14965412094838986319/N5975a884-8550-46a5-a762-5f981109c173-logoSmallFile","displayName":"Shopping Cart Demo","description":"","commitMessage":"","appUris":{"documentUri":{"value":"/14965412094838986319/N8c8b6776-d96d-44be-8503-f5672f1532ee-document.msapp"},"imageUris":[]},"createdTime":"0001-01-01T00:00:00Z","lastModifiedTime":"0001-01-01T00:00:00Z","sharedGroupsCount":0,"sharedUsersCount":0,"icons":{"smallIconUri":"/14965412094838986319/N9a175ea4-0781-4074-af33-06991fd49c58-small.png","mediumIconUri":"/14965412094838986319/Naf504898-4ad5-4188-b4dd-2b4a28428153-medium.png","largeIconUri":"/14965412094838986319/N1c95a066-a067-4410-be04-1e8af201dcfc-large.png","wideIconUri":"/14965412094838986319/N38a704a3-1d49-484e-89c7-3b2a1cc0a840-wide.png"},"connectionReferences":{"48103bc0-4b88-461b-9697-dd7e985f229b":{"id":"b7a19980-d1d5-4e59-958e-7a830009aab3","displayName":"SharePoint","iconUri":"https://connectoricons-prod.azureedge.net/releases/v1.0.1451/1.0.1451.2361/sharepointonline/icon.png","dataSources":["Office Supply Catalog","Service Line","App Security","Office Supply Orders","Office Supply Order Details"],"dependencies":[],"dependents":[],"parameterHints":{},"isOnPremiseConnection":false,"bypassConsent":false,"dataSets":{"https://dvagov.sharepoint.com/sites/sec4TEST/tss/logistics":{"dataSources":{"Office Supply Catalog":{"tableName":"5a6d33c5-9f99-4f65-9c70-234d2df4e016"},"Service Line":{"tableName":"7dc3acc7-ec6e-4f19-86bf-6dd4303a550b"},"App Security":{"tableName":"183fa255-49f9-4849-9535-340f02798a14"},"Office Supply Orders":{"tableName":"bf688f7a-2de9-4bcd-8c00-06869cc08bdb"},"Office Supply Order Details":{"tableName":"59f76840-77ac-4af7-ba70-69ed9869f2a1"}}}},"apiTier":"Standard","isCustomApiConnection":false},"f7dc0e98-c1b2-4c24-b652-ede4f137e626":{"id":"566c08d4-552b-4ad9-b719-7e7854622088","displayName":"Power Apps for Makers","iconUri":"https://connectoricons-prod.azureedge.net/releases/v1.0.1444/1.0.1444.2347/powerappsforappmakers/icon.png","dataSources":["PowerAppsforMakers"],"dependencies":[],"dependents":[],"parameterHints":{},"isOnPremiseConnection":false,"bypassConsent":false,"dataSets":{},"apiTier":"Standard","isCustomApiConnection":false,"actions":["GetApp"]},"a1334f57-f3a6-4efd-8d4f-213e333f6aff":{"id":"f2da7bcf-890c-4539-ac3e-2e1d977ffa87","displayName":"Office 365 Outlook","iconUri":"https://connectoricons-prod.azureedge.net/releases/v1.0.1454/1.0.1454.2370/office365/icon.png","dataSources":["Office365Outlook"],"dependencies":[],"dependents":[],"parameterHints":{},"isOnPremiseConnection":false,"bypassConsent":false,"dataSets":{},"apiTier":"Standard","isCustomApiConnection":false,"actions":["SendEmail"]}},"databaseReferences":{},"almMode":"Environment","performanceOptimizationEnabled":false,"canConsumeAppPass":true,"executionRestrictions":{"isTeamsOnly":false,"dataLossPreventionEvaluationResult":{"status":"Compliant","lastEvaluationDate":"2021-03-25T17:54:24.2531574Z","violationDetails":[]}}},"isAppComponentLibrary":false,"appType":"ClassicCanvasApp","appComponents":[]}}