{"schemaVersion":"1.0","appDefinitionTemplate":{"id":"/providers/Microsoft.PowerApps/apps/","type":"Microsoft.PowerApps/apps","tags":{"primaryDeviceWidth":"1366","primaryDeviceHeight":"768","sienaVersion":"20210608T112838Z-3.21053.21.0","deviceCapabilities":"","supportsPortrait":"false","supportsLandscape":"true","primaryFormFactor":"Tablet","publisherVersion":"3.21053.21","minimumRequiredApiVersion":"2.2.0","hasComponent":"false","hasUnlockedComponent":"false","isUnifiedRootApp":"false"},"properties":{"appVersion":"2021-06-08T11:28:38Z","lifeCycleId":"Published","createdByClientVersion":{"major":3,"minor":21053,"build":21,"revision":0,"majorRevision":0,"minorRevision":0},"minClientVersion":{"major":3,"minor":21053,"build":21,"revision":0,"majorRevision":0,"minorRevision":0},"backgroundColor":"rgba(0, 176, 240, 1)","backgroundImageUri":"/7065547184041448203/N47290bd2-7ee1-478f-b2fe-6f74ea650cde-logoSmallFile","displayName":"PLM Maturity Tracker","description":"","commitMessage":"","appUris":{"documentUri":{"value":"/7065547184041448203/Nb315a64e-c554-4715-a802-b62e9bfcd134-document.msapp"},"imageUris":[]},"createdTime":"0001-01-01T00:00:00Z","lastModifiedTime":"0001-01-01T00:00:00Z","sharedGroupsCount":0,"sharedUsersCount":0,"icons":{"smallIconUri":"/7065547184041448203/N09bee341-89ae-4672-b364-99dd8e3aa2b6-small.png","mediumIconUri":"/7065547184041448203/Ncffc80c1-77e8-4a59-afde-16e1d756d957-medium.png","largeIconUri":"/7065547184041448203/Nf1448aff-1364-4c6d-96bd-10e4fee3b552-large.png","wideIconUri":"/7065547184041448203/N76ffe167-2047-4f20-bf2c-3e1499af1449-wide.png"},"connectionReferences":{"99b5f39a-64d3-48ab-8b15-a85690828d78":{"id":"566c08d4-552b-4ad9-b719-7e7854622088","displayName":"Power Apps for Makers","iconUri":"https://connectoricons-prod.azureedge.net/releases/v1.0.1462/1.0.1462.2398/powerappsforappmakers/icon.png","dataSources":["PowerAppsforMakers"],"dependencies":[],"dependents":[],"parameterHints":{},"isOnPremiseConnection":false,"bypassConsent":false,"dataSets":{},"apiTier":"Standard","isCustomApiConnection":false,"actions":["GetApp"]},"63c6efa7-d747-4895-9fd7-e1763c2b532d":{"id":"b7a19980-d1d5-4e59-958e-7a830009aab3","displayName":"SharePoint","iconUri":"https://connectoricons-prod.azureedge.net/releases/v1.0.1472/1.0.1472.2427/sharepointonline/icon.png","dataSources":["Portfolio","Product Lines","Product Line Play Status","Product Line Acceptance Criteria","Product Line Plays","App Roles","Product Acceptance Criteria","Product Play Status","Product Plays","Products"],"dependencies":[],"dependents":[],"parameterHints":{},"isOnPremiseConnection":false,"bypassConsent":false,"dataSets":{"https://dvagov.sharepoint.com/sites/sec4TEST/tss/plmtracker":{"dataSources":{"Portfolio":{"tableName":"2847e2c0-dc15-4a9d-8853-c90a8541028b"},"Product Lines":{"tableName":"0d8f4050-48d8-457b-9822-c7611a730c74"},"Product Line Play Status":{"tableName":"4e87da35-d8d4-4ff0-951a-ba3a5300fcc0"},"Product Line Acceptance Criteria":{"tableName":"4fc5e739-48f1-4160-8dee-7f7ef690a81a"},"Product Line Plays":{"tableName":"2ca67127-be6a-411a-8f0f-27e1e7e50e8c"},"App Roles":{"tableName":"c73660bd-c0cc-4bb6-8621-43a78ff3ced1"},"Product Acceptance Criteria":{"tableName":"03e9bc00-cf6d-4841-873a-6a226f9d2cc3"},"Product Play Status":{"tableName":"8065d7f4-1da0-444f-8532-3d8989f849bb"},"Product Plays":{"tableName":"2f650a4d-840d-4fee-8d56-342d352e714b"},"Products":{"tableName":"0ce8fb06-f4f6-4f08-9f61-e84d2b47cb41"}}}},"apiTier":"Standard","isCustomApiConnection":false}},"databaseReferences":{},"almMode":"Environment","performanceOptimizationEnabled":false,"canConsumeAppPass":true,"executionRestrictions":{"isTeamsOnly":false,"dataLossPreventionEvaluationResult":{"status":"Compliant","lastEvaluationDate":"2021-05-26T15:12:54.6944617Z","violations":[],"violationsByPolicy":[],"violationErrorMessage":"The app uses the following connectors: shared_powerappsforappmakers."}}},"appType":"ClassicCanvasApp","appComponents":[]}}