{"schemaVersion":"1.0","appDefinitionTemplate":{"id":"/providers/Microsoft.PowerApps/apps/","type":"Microsoft.PowerApps/apps","tags":{"primaryDeviceWidth":"1366","primaryDeviceHeight":"768","sienaVersion":"20210614T135243Z-3.21054.31.0","deviceCapabilities":"","supportsPortrait":"false","supportsLandscape":"true","primaryFormFactor":"Tablet","publisherVersion":"3.21054.31","minimumRequiredApiVersion":"2.2.0","hasComponent":"false","hasUnlockedComponent":"false","isUnifiedRootApp":"false"},"properties":{"appVersion":"2021-06-14T13:52:43Z","lifeCycleId":"Published","createdByClientVersion":{"major":3,"minor":21054,"build":31,"revision":0,"majorRevision":0,"minorRevision":0},"minClientVersion":{"major":3,"minor":21054,"build":31,"revision":0,"majorRevision":0,"minorRevision":0},"backgroundColor":"rgba(1, 60, 96, 1)","backgroundImageUri":"/1636937805258673870/N89c43925-4ef9-446d-b8f6-4dc28d2689e1-logoSmallFile","displayName":"PLM Survey Builder v2","description":"","commitMessage":"","appUris":{"documentUri":{"value":"/1636937805258673870/N356772ed-4a3e-4129-b0b7-a53d29cf3a6e-document.msapp"},"imageUris":[]},"createdTime":"0001-01-01T00:00:00Z","lastModifiedTime":"0001-01-01T00:00:00Z","sharedGroupsCount":0,"sharedUsersCount":0,"icons":{"smallIconUri":"/1636937805258673870/N70509f13-1ed8-41b6-afc0-d6548779267e-small.png","mediumIconUri":"/1636937805258673870/Nd9e6560d-1048-4f94-9de1-ef3590c7419f-medium.png","largeIconUri":"/1636937805258673870/N4b20f2f9-2b6b-4606-aeb1-689c6a3e9ee9-large.png","wideIconUri":"/1636937805258673870/Ne915720d-97f1-4250-8afc-43a4ad7f5873-wide.png"},"connectionReferences":{"8bb88cb4-bf55-4dbd-92c3-29f2ffddd5f5":{"id":"566c08d4-552b-4ad9-b719-7e7854622088","displayName":"Power Apps for Makers","iconUri":"https://connectoricons-prod.azureedge.net/releases/v1.0.1462/1.0.1462.2398/powerappsforappmakers/icon.png","dataSources":["PowerAppsforMakers"],"dependencies":[],"dependents":[],"parameterHints":{},"isOnPremiseConnection":false,"bypassConsent":false,"dataSets":{},"apiTier":"Standard","isCustomApiConnection":false,"actions":["GetApp"]},"d11c41ae-1b83-4a06-8d9c-3371a0e156b1":{"id":"b7a19980-d1d5-4e59-958e-7a830009aab3","displayName":"SharePoint","iconUri":"https://connectoricons-prod.azureedge.net/releases/v1.0.1472/1.0.1472.2427/sharepointonline/icon.png","dataSources":["Campaigns","Pillars","Categories","Subcategories","Questions","Answers","Campaign Questions","Campaign Pillars"],"dependencies":[],"dependents":[],"parameterHints":{},"isOnPremiseConnection":false,"bypassConsent":false,"dataSets":{"https://dvagov.sharepoint.com/sites/sec4TEST/tss/survey":{"dataSources":{"Campaigns":{"tableName":"17719c48-4b7f-4c87-bc76-23e62347d2af"},"Pillars":{"tableName":"c8c8896f-ed3f-421a-b1fe-8d7f5fbc2e71"},"Categories":{"tableName":"9eaf6898-b420-44d5-ad47-c423e02f43bb"},"Subcategories":{"tableName":"54935b1e-2a70-4bab-a9c4-7dca11b7f139"},"Questions":{"tableName":"1e5c2df4-fb94-4d7b-81f4-a88fe89f9c2f"},"Answers":{"tableName":"dc348ca7-5632-4df3-a7f8-f2d3d576ddd2"},"Campaign Questions":{"tableName":"1911266c-51ac-4970-bc24-c8b617c3f467"},"Campaign Pillars":{"tableName":"9646102b-caf2-4867-bcca-cd5e75210d3d"}}}},"apiTier":"Standard","isCustomApiConnection":false}},"databaseReferences":{},"almMode":"Environment","performanceOptimizationEnabled":false,"canConsumeAppPass":true,"executionRestrictions":{"isTeamsOnly":false,"dataLossPreventionEvaluationResult":{"status":"Compliant","lastEvaluationDate":"2021-04-21T18:19:41.7779716Z","violationDetails":[]}}},"appType":"ClassicCanvasApp","appComponents":[]}}