{"schemaVersion":"1.0","appDefinitionTemplate":{"id":"/providers/Microsoft.PowerApps/apps/","type":"Microsoft.PowerApps/apps","tags":{"primaryDeviceWidth":"1366","primaryDeviceHeight":"768","sienaVersion":"20220315T190319Z-3.22022.31.0","deviceCapabilities":"","supportsPortrait":"true","supportsLandscape":"true","primaryFormFactor":"Tablet","publisherVersion":"3.22022.31","minimumRequiredApiVersion":"2.2.0","hasComponent":"true","hasUnlockedComponent":"true","isUnifiedRootApp":"false"},"properties":{"appVersion":"2022-03-15T19:03:19Z","lifeCycleId":"Published","createdByClientVersion":{"major":3,"minor":22022,"build":31,"revision":0,"majorRevision":0,"minorRevision":0},"minClientVersion":{"major":3,"minor":22022,"build":31,"revision":0,"majorRevision":0,"minorRevision":0},"backgroundColor":"RGBA(0,176,240,1)","backgroundImageUri":"/10990289584369808990/N26183afa-5062-437c-9662-3638e497db1f-logoSmallFile","displayName":"SOM 1085","description":"","commitMessage":"","appUris":{"documentUri":{"value":"/10990289584369808990/Na4bbd020-b07c-4e5f-991b-1f0b0504b92d-document.msapp"},"imageUris":[]},"createdTime":"0001-01-01T00:00:00Z","lastModifiedTime":"0001-01-01T00:00:00Z","sharedGroupsCount":0,"sharedUsersCount":0,"icons":{"smallIconUri":"/10990289584369808990/N38f16660-02e1-4c8a-ae24-9dda6e7a83e0-small.png","mediumIconUri":"/10990289584369808990/N4d635123-8c18-4927-b146-98eacbc528c9-medium.png","largeIconUri":"/10990289584369808990/Ndd9f8307-1894-4635-93de-91ed24653357-large.png","wideIconUri":"/10990289584369808990/N76796864-2d37-4480-b604-bebb8e7d2721-wide.png"},"connectionReferences":{"84085c7a-c54d-4566-ac70-d284d11c6561":{"id":"566c08d4-552b-4ad9-b719-7e7854622088","displayName":"Power Apps for Makers","iconUri":"https://connectoricons-prod.azureedge.net/releases/v1.0.1551/1.0.1551.2693/powerappsforappmakers/icon.png","dataSources":["PowerAppsforMakers"],"dependencies":[],"dependents":[],"parameterHints":{},"parameterHintsV2":{},"isOnPremiseConnection":false,"bypassConsent":false,"dataSets":{},"apiTier":"Standard","isCustomApiConnection":false,"actions":["GetAppVersions","GetApp"]},"18cb111d-cb8d-4bbe-a80e-0b9628175089":{"id":"f2da7bcf-890c-4539-ac3e-2e1d977ffa87","displayName":"Office 365 Outlook","iconUri":"https://connectoricons-prod.azureedge.net/releases/v1.0.1538/1.0.1538.2621/office365/icon.png","dataSources":["Office365Outlook"],"dependencies":[],"dependents":[],"parameterHints":{},"parameterHintsV2":{},"isOnPremiseConnection":false,"bypassConsent":false,"dataSets":{},"apiTier":"Standard","isCustomApiConnection":false,"actions":["SendEmailV2"]},"a6a75b40-ec79-49a8-9564-2227a50ff13f":{"id":"b7a19980-d1d5-4e59-958e-7a830009aab3","displayName":"SharePoint","iconUri":"https://connectoricons-prod.azureedge.net/releases/v1.0.1554/1.0.1554.2707/sharepointonline/icon.png","dataSources":["Product Line Access Control","Products","Product Play Status","Product Access Control","Product Lines"],"dependencies":[],"dependents":[],"parameterHints":{},"parameterHintsV2":{},"isOnPremiseConnection":false,"bypassConsent":false,"dataSets":{"https://dvagov.sharepoint.com/sites/sec4TEST/tss/som1086":{"dataSources":{"Product Line Access Control":{"tableName":"375dac4c-b5af-4bbf-b49c-29404628a1a7"},"Products":{"tableName":"613cb795-c4f0-4223-beef-f2d2cdfaeea8"},"Product Play Status":{"tableName":"84e5b07a-210b-4f86-ae50-d548dc30dbf9"},"Product Access Control":{"tableName":"509494ac-3b0a-4d7a-bd3c-1b61429c5d67"},"Product Lines":{"tableName":"994cd975-f706-4f2d-b989-443134953adb"}}}},"apiTier":"Standard","isCustomApiConnection":false,"actions":["providers/PowerPlatform.Governance/Operations/Read"]}},"databaseReferences":{},"almMode":"Environment","performanceOptimizationEnabled":false,"canConsumeAppPass":true,"executionRestrictions":{"isTeamsOnly":false,"dataLossPreventionEvaluationResult":{"status":"Compliant","lastEvaluationDate":"2021-10-29T15:22:06.1040126Z","violations":[],"violationsByPolicy":[],"violationErrorMessage":"The app uses the following connectors: shared_powerappsforappmakers."}}},"appType":"ClassicCanvasApp","appComponents":[]}}