{"schemaVersion":"1.0","appDefinitionTemplate":{"id":"/providers/Microsoft.PowerApps/apps/","type":"Microsoft.PowerApps/apps","tags":{"primaryDeviceWidth":"1366","primaryDeviceHeight":"768","sienaVersion":"20220315T191851Z-3.22022.31.0","deviceCapabilities":"","supportsPortrait":"true","supportsLandscape":"true","primaryFormFactor":"Tablet","publisherVersion":"3.22022.31","minimumRequiredApiVersion":"2.2.0","hasComponent":"true","hasUnlockedComponent":"true","isUnifiedRootApp":"false"},"properties":{"appVersion":"2022-03-15T19:18:51Z","lifeCycleId":"Published","createdByClientVersion":{"major":3,"minor":22022,"build":31,"revision":0,"majorRevision":0,"minorRevision":0},"minClientVersion":{"major":3,"minor":22022,"build":31,"revision":0,"majorRevision":0,"minorRevision":0},"backgroundColor":"rgba(0, 176, 240, 1)","backgroundImageUri":"/6534323661332440389/N2fd04291-dbee-4946-ae5e-5a10ab76e07e-logoSmallFile","displayName":"SOM 879 v3_1","description":"","commitMessage":"","appUris":{"documentUri":{"value":"/6534323661332440389/N11acb0ce-20d6-4141-b214-4634ab76eb0b-document.msapp"},"imageUris":[]},"createdTime":"0001-01-01T00:00:00Z","lastModifiedTime":"0001-01-01T00:00:00Z","sharedGroupsCount":0,"sharedUsersCount":0,"icons":{"smallIconUri":"/6534323661332440389/N6ee255d0-2d83-4e7d-894d-baa68a161918-small.png","mediumIconUri":"/6534323661332440389/N1c3f1747-af6d-4d3a-9077-1c44d91c3fd1-medium.png","largeIconUri":"/6534323661332440389/N73eb537a-297c-4374-a646-aa6c9688ea98-large.png","wideIconUri":"/6534323661332440389/Nb644a99b-7436-4ecc-9075-f6848b778ce6-wide.png"},"connectionReferences":{"84085c7a-c54d-4566-ac70-d284d11c6561":{"id":"566c08d4-552b-4ad9-b719-7e7854622088","displayName":"Power Apps for Makers","iconUri":"https://connectoricons-prod.azureedge.net/releases/v1.0.1551/1.0.1551.2693/powerappsforappmakers/icon.png","dataSources":["PowerAppsforMakers"],"dependencies":[],"dependents":[],"parameterHints":{},"parameterHintsV2":{},"isOnPremiseConnection":false,"bypassConsent":false,"dataSets":{},"apiTier":"Standard","isCustomApiConnection":false,"actions":["GetAppVersions","GetApp"]},"3fac64a1-d5d1-4e0e-81cb-86d9075475f0":{"id":"f2da7bcf-890c-4539-ac3e-2e1d977ffa87","displayName":"Office 365 Outlook","iconUri":"https://connectoricons-prod.azureedge.net/releases/v1.0.1538/1.0.1538.2621/office365/icon.png","dataSources":["Office365Outlook"],"dependencies":[],"dependents":[],"parameterHints":{},"parameterHintsV2":{},"isOnPremiseConnection":false,"bypassConsent":false,"dataSets":{},"apiTier":"Standard","isCustomApiConnection":false,"actions":["SendEmailV2"]},"0b9ca88c-2156-447b-93fd-2b9ecc434382":{"id":"b7a19980-d1d5-4e59-958e-7a830009aab3","displayName":"SharePoint","iconUri":"https://connectoricons-prod.azureedge.net/releases/v1.0.1554/1.0.1554.2707/sharepointonline/icon.png","dataSources":["ErrorLog","Portfolio","Product Acceptance Criteria","Product Access Control","Product Line Acceptance Criteria","Product Line Access Control","Product Line Play Status","Product Line Plays","Product Lines","Product Play Status","Product Plays","Products"],"dependencies":[],"dependents":[],"parameterHints":{},"parameterHintsV2":{},"isOnPremiseConnection":false,"bypassConsent":false,"dataSets":{"https://dvagov.sharepoint.com/sites/sec4TEST/tss/som1086":{"dataSources":{"ErrorLog":{"tableName":"a2e81697-8bb3-40b6-a85e-0ecd3a6b3581"},"Portfolio":{"tableName":"de6e9549-9783-4e6e-afaa-ab42df1c720f"},"Product Acceptance Criteria":{"tableName":"be82b21b-b6e8-4792-baeb-cdbf6e5c3a7d"},"Product Access Control":{"tableName":"509494ac-3b0a-4d7a-bd3c-1b61429c5d67"},"Product Line Acceptance Criteria":{"tableName":"b3390254-8818-48fb-ba6a-1d44800b1aa6"},"Product Line Access Control":{"tableName":"375dac4c-b5af-4bbf-b49c-29404628a1a7"},"Product Line Play Status":{"tableName":"52d46ff6-c1a6-421c-9585-04e85c3800cc"},"Product Line Plays":{"tableName":"f0a017fd-8ee9-4fb3-94a2-ba716c1f779e"},"Product Lines":{"tableName":"994cd975-f706-4f2d-b989-443134953adb"},"Product Play Status":{"tableName":"84e5b07a-210b-4f86-ae50-d548dc30dbf9"},"Product Plays":{"tableName":"64127ca6-895b-49f4-97aa-251367af640e"},"Products":{"tableName":"613cb795-c4f0-4223-beef-f2d2cdfaeea8"}}}},"apiTier":"Standard","isCustomApiConnection":false,"actions":["providers/PowerPlatform.Governance/Operations/Read","providers/PowerPlatform.Governance/Operations/Write"]}},"databaseReferences":{},"almMode":"Environment","performanceOptimizationEnabled":false,"canConsumeAppPass":true,"executionRestrictions":{"isTeamsOnly":false,"dataLossPreventionEvaluationResult":{"status":"Compliant","lastEvaluationDate":"2021-10-29T15:22:06.1040126Z","violations":[],"violationsByPolicy":[],"violationErrorMessage":"The app uses the following connectors: shared_powerappsforappmakers."}}},"appType":"ClassicCanvasApp","appComponents":[]}}