{"schemaVersion":"1.0","appDefinitionTemplate":{"id":"/providers/Microsoft.PowerApps/apps/","type":"Microsoft.PowerApps/apps","tags":{"primaryDeviceWidth":"1366","primaryDeviceHeight":"768","sienaVersion":"20211101T153032Z-3.21102.25.0","deviceCapabilities":"","supportsPortrait":"false","supportsLandscape":"true","primaryFormFactor":"Tablet","publisherVersion":"3.21102.25","minimumRequiredApiVersion":"2.2.0","hasComponent":"true","hasUnlockedComponent":"true","isUnifiedRootApp":"false"},"properties":{"appVersion":"2021-11-01T15:30:32Z","lifeCycleId":"Published","createdByClientVersion":{"major":3,"minor":21102,"build":25,"revision":0,"majorRevision":0,"minorRevision":0},"minClientVersion":{"major":3,"minor":21102,"build":25,"revision":0,"majorRevision":0,"minorRevision":0},"backgroundColor":"rgba(0, 176, 240, 1)","backgroundImageUri":"/7918385437147528701/Nb83d009e-238c-4cef-b474-50d51364c05d-logoSmallFile","displayName":"Hand Hygiene Form (Sample)","description":"","commitMessage":"","appUris":{"documentUri":{"value":"/7918385437147528701/N8da67c56-ba37-47db-a3ab-b99bbf4b786a-document.msapp"},"imageUris":[]},"createdTime":"0001-01-01T00:00:00Z","lastModifiedTime":"0001-01-01T00:00:00Z","sharedGroupsCount":0,"sharedUsersCount":0,"icons":{"smallIconUri":"/7918385437147528701/Ndca59b2a-a62c-4330-b1de-aca0efe38697-small.png","mediumIconUri":"/7918385437147528701/N848d4904-576c-4062-948f-15e667ef0044-medium.png","largeIconUri":"/7918385437147528701/N437f965c-8267-4931-a80a-a27044732a6c-large.png","wideIconUri":"/7918385437147528701/Nc2c67a69-1eb7-4aa1-8657-600ca166ce40-wide.png"},"connectionReferences":{"fea0bb82-bef9-47fb-aa38-f16627fff848":{"id":"566c08d4-552b-4ad9-b719-7e7854622088","displayName":"Power Apps for Makers","iconUri":"https://connectoricons-prod.azureedge.net/releases/v1.0.1512/1.0.1512.2544/powerappsforappmakers/icon.png","dataSources":["PowerAppsforMakers"],"dependencies":[],"dependents":[],"parameterHints":{},"parameterHintsV2":{},"isOnPremiseConnection":false,"bypassConsent":false,"dataSets":{},"apiTier":"Standard","isCustomApiConnection":false,"actions":["GetAppVersions","GetApp"]},"16908bdb-ff67-4dba-9e58-4caa54550a7e":{"id":"b7a19980-d1d5-4e59-958e-7a830009aab3","displayName":"SharePoint","iconUri":"https://connectoricons-prod.azureedge.net/releases/v1.0.1518/1.0.1518.2565/sharepointonline/icon.png","dataSources":["Hand Hygiene","Locations"],"dependencies":[],"dependents":[],"parameterHints":{},"parameterHintsV2":{},"isOnPremiseConnection":false,"bypassConsent":false,"dataSets":{"https://dvagov.sharepoint.com/sites/sec4TEST/tss/hygiene":{"dataSources":{"Hand Hygiene":{"tableName":"cffb74a2-2659-48e9-a71b-47fa172b5f19"},"Locations":{"tableName":"e44a16d3-d5ad-4811-b36f-b180ef55e105"}}}},"apiTier":"Standard","isCustomApiConnection":false,"actions":["providers/PowerPlatform.Governance/Operations/Read"]}},"databaseReferences":{},"almMode":"Environment","performanceOptimizationEnabled":true,"canConsumeAppPass":true,"executionRestrictions":{"isTeamsOnly":false,"dataLossPreventionEvaluationResult":{"status":"Compliant","lastEvaluationDate":"2021-02-05T17:06:36.3841506Z","violationDetails":[]}}},"appType":"ClassicCanvasApp","appComponents":[]}}