{"schemaVersion":"1.0","appDefinitionTemplate":{"id":"/providers/Microsoft.PowerApps/apps/","type":"Microsoft.PowerApps/apps","tags":{"primaryDeviceWidth":"1366","primaryDeviceHeight":"768","sienaVersion":"20220509T152802Z-3.22034.17.0","deviceCapabilities":"","supportsPortrait":"true","supportsLandscape":"true","primaryFormFactor":"Tablet","publisherVersion":"3.22034.17","minimumRequiredApiVersion":"2.2.0","hasComponent":"true","hasUnlockedComponent":"true","isUnifiedRootApp":"false"},"properties":{"appVersion":"2022-05-09T15:28:02Z","lifeCycleId":"Published","createdByClientVersion":{"major":3,"minor":22034,"build":17,"revision":0,"majorRevision":0,"minorRevision":0},"minClientVersion":{"major":3,"minor":22034,"build":17,"revision":0,"majorRevision":0,"minorRevision":0},"backgroundColor":"RGBA(0,176,240,1)","backgroundImageUri":"/12874333570768429729/N516a7708-97dd-4b2e-a6f0-8438c1cb8f5b-logoSmallFile","displayName":"SOM 576","description":"","commitMessage":"","appUris":{"documentUri":{"value":"/12874333570768429729/N58034b7d-76ee-4a4c-92f2-0164cc298275-document.msapp"},"imageUris":[]},"createdTime":"0001-01-01T00:00:00Z","lastModifiedTime":"0001-01-01T00:00:00Z","sharedGroupsCount":0,"sharedUsersCount":0,"icons":{"smallIconUri":"/12874333570768429729/N491a6b2b-a4a6-4628-adf0-809c63035623-small.png","mediumIconUri":"/12874333570768429729/N1b62c65f-1980-4fe3-b437-72700c8bcd38-medium.png","largeIconUri":"/12874333570768429729/N74f9a00d-4d06-4902-b92d-03ce364cc401-large.png","wideIconUri":"/12874333570768429729/N8633fec7-b14e-4b47-9130-31cd9033a303-wide.png"},"connectionReferences":{"84085c7a-c54d-4566-ac70-d284d11c6561":{"id":"566c08d4-552b-4ad9-b719-7e7854622088","displayName":"Power Apps for Makers","iconUri":"https://connectoricons-prod.azureedge.net/releases/v1.0.1551/1.0.1551.2693/powerappsforappmakers/icon.png","dataSources":["PowerAppsforMakers"],"dependencies":[],"dependents":[],"parameterHints":{},"parameterHintsV2":{},"isOnPremiseConnection":false,"bypassConsent":false,"dataSets":{},"apiTier":"Standard","isCustomApiConnection":false,"actions":["GetAppVersions","GetApp"]},"d87da804-de59-4883-93ee-5e13094f06fe":{"id":"b7a19980-d1d5-4e59-958e-7a830009aab3","displayName":"SharePoint","iconUri":"https://connectoricons-prod.azureedge.net/releases/v1.0.1568/1.0.1568.2757/sharepointonline/icon.png","dataSources":["Wards","Non-Conforming Events","Classification","Subtypes","Lab Report"],"dependencies":[],"dependents":[],"parameterHints":{},"parameterHintsV2":{},"isOnPremiseConnection":false,"bypassConsent":false,"dataSets":{"https://dvagov.sharepoint.com/sites/sec4TEST/tss/som576":{"dataSources":{"Wards":{"tableName":"e7d2cd81-6c66-4f24-b33c-58c54e29efee"},"Non-Conforming Events":{"tableName":"5ee1c304-eb8d-45b5-a2f8-04e51c7db54b"},"Classification":{"tableName":"9a54a8b0-37d2-4f02-93c7-3e414aeda1e8"},"Subtypes":{"tableName":"760e2865-1eac-438b-87b7-fa6b214ffd93"},"Lab Report":{"tableName":"6cc43936-025c-4b25-8079-afc0b214b39c"}}}},"apiTier":"Standard","isCustomApiConnection":false,"actions":["providers/PowerPlatform.Governance/Operations/Read","providers/PowerPlatform.Governance/Operations/Write"]},"1b567f37-4430-4751-9129-f9847e18eb7f":{"id":"b7a19980-d1d5-4e59-958e-7a830009aab3","displayName":"SharePoint","iconUri":"https://connectoricons-prod.azureedge.net/releases/v1.0.1568/1.0.1568.2757/sharepointonline/icon.png","dataSources":["Lab Section"],"dependencies":[],"dependents":[],"parameterHints":{},"parameterHintsV2":{},"isOnPremiseConnection":false,"bypassConsent":false,"dataSets":{"https://dvagov.sharepoint.com/sites/sec4TEST/tss/som576":{"dataSources":{"Lab Section":{"tableName":"25117053-6e7d-4101-af5d-290c517ee310"}}}},"apiTier":"Standard","isCustomApiConnection":false,"actions":["providers/PowerPlatform.Governance/Operations/Read","providers/PowerPlatform.Governance/Operations/Write"]},"39803835-00a2-49f0-bcfa-94d59e476e87":{"id":"791b1887-0bbf-4c9a-93c9-c5facca2d2ba","displayName":"Office 365 Users","iconUri":"https://connectoricons-prod.azureedge.net/releases/v1.0.1573/1.0.1573.2770/office365users/icon.png","dataSources":["Office365Users"],"dependencies":[],"dependents":[],"parameterHints":{},"parameterHintsV2":{},"isOnPremiseConnection":false,"bypassConsent":false,"dataSets":{},"apiTier":"Standard","isCustomApiConnection":false,"actions":["SearchUser","MyProfile"]}},"databaseReferences":{},"almMode":"Environment","performanceOptimizationEnabled":false,"canConsumeAppPass":true,"executionRestrictions":{"isTeamsOnly":false,"dataLossPreventionEvaluationResult":{"status":"Compliant","lastEvaluationDate":"2021-10-29T15:22:06.1040126Z","violations":[],"violationsByPolicy":[],"violationErrorMessage":"The app uses the following connectors: shared_powerappsforappmakers."}}},"appType":"ClassicCanvasApp","appComponents":[]}}