{"schemaVersion":"1.0","appDefinitionTemplate":{"id":"/providers/Microsoft.PowerApps/apps/","type":"Microsoft.PowerApps/apps","tags":{"primaryDeviceWidth":"1366","primaryDeviceHeight":"768","sienaVersion":"20210525T160423Z-3.21052.17.0","deviceCapabilities":"","supportsPortrait":"false","supportsLandscape":"true","primaryFormFactor":"Tablet","publisherVersion":"3.21052.17","minimumRequiredApiVersion":"2.2.0","hasComponent":"false","hasUnlockedComponent":"false","isUnifiedRootApp":"false"},"properties":{"appVersion":"2021-05-25T16:04:23Z","lifeCycleId":"Published","createdByClientVersion":{"major":3,"minor":21052,"build":17,"revision":0,"majorRevision":0,"minorRevision":0},"minClientVersion":{"major":3,"minor":21052,"build":17,"revision":0,"majorRevision":0,"minorRevision":0},"backgroundColor":"rgba(0, 176, 240, 1)","backgroundImageUri":"/1979015551383174485/Nab651595-b37d-40d2-a75e-2686a9fe80ea-logoSmallFile","displayName":"Polaris","description":"","commitMessage":"","appUris":{"documentUri":{"value":"/1979015551383174485/N9df35276-8884-4416-8199-7178f614b329-document.msapp"},"imageUris":[]},"createdTime":"0001-01-01T00:00:00Z","lastModifiedTime":"0001-01-01T00:00:00Z","sharedGroupsCount":0,"sharedUsersCount":0,"icons":{"smallIconUri":"/1979015551383174485/N62970dc2-b89c-40c3-be50-6ed0a8b47c1a-small.png","mediumIconUri":"/1979015551383174485/N9c48e10e-12a0-481b-b437-413bbcf0abce-medium.png","largeIconUri":"/1979015551383174485/N64212c0b-2986-4ce2-a78a-035debbf637d-large.png","wideIconUri":"/1979015551383174485/Nba6a8dc2-238c-4403-9c41-bc47d731e632-wide.png"},"connectionReferences":{"07cad28f-ff87-4ff4-a75b-19758dd7e50b":{"id":"b7a19980-d1d5-4e59-958e-7a830009aab3","displayName":"SharePoint","iconUri":"https://connectoricons-prod.azureedge.net/releases/v1.0.1472/1.0.1472.2427/sharepointonline/icon.png","dataSources":["Release"],"dependencies":[],"dependents":[],"parameterHints":{},"isOnPremiseConnection":false,"bypassConsent":false,"dataSets":{"https://dvagov.sharepoint.com/sites/OITCARDS":{"dataSources":{"Release":{"tableName":"88ab9cc6-a131-4487-b0c7-1869c4e2e103"}}}},"apiTier":"Standard","isCustomApiConnection":false}},"databaseReferences":{},"almMode":"Environment","performanceOptimizationEnabled":false,"canConsumeAppPass":true,"executionRestrictions":{"isTeamsOnly":false,"dataLossPreventionEvaluationResult":{"status":"Compliant","lastEvaluationDate":"2021-05-19T12:10:01.4848361Z","violations":[],"violationsByPolicy":[],"violationErrorMessage":"The app uses the following connectors: ."}}},"appType":"ClassicCanvasApp","appComponents":[]}}